"filename", "language", "JSON", "Markdown", "JavaScript", "XML", "CSS", "HTML", "SCSS", "comment", "blank", "total"
"c:\Users\khang\Desktop\SchooolFiles\extracurricular\2024-2025\United Planet\Primed\Waima\waimaFundacion\.prettierrc", "JSON", 6, 0, 0, 0, 0, 0, 0, 0, 0, 6
"c:\Users\khang\Desktop\SchooolFiles\extracurricular\2024-2025\United Planet\Primed\Waima\waimaFundacion\README.md", "Markdown", 0, 10, 0, 0, 0, 0, 0, 0, 8, 18
"c:\Users\khang\Desktop\SchooolFiles\extracurricular\2024-2025\United Planet\Primed\Waima\waimaFundacion\package-lock.json", "JSON", 19224, 0, 0, 0, 0, 0, 0, 0, 1, 19225
"c:\Users\khang\Desktop\SchooolFiles\extracurricular\2024-2025\United Planet\Primed\Waima\waimaFundacion\package.json", "JSON", 78, 0, 0, 0, 0, 0, 0, 0, 1, 79
"c:\Users\khang\Desktop\SchooolFiles\extracurricular\2024-2025\United Planet\Primed\Waima\waimaFundacion\public\index.html", "HTML", 0, 0, 0, 0, 0, 21, 0, 0, 1, 22
"c:\Users\khang\Desktop\SchooolFiles\extracurricular\2024-2025\United Planet\Primed\Waima\waimaFundacion\public\manifest.json", "JSON", 25, 0, 0, 0, 0, 0, 0, 0, 1, 26
"c:\Users\khang\Desktop\SchooolFiles\extracurricular\2024-2025\United Planet\Primed\Waima\waimaFundacion\src\App.js", "JavaScript", 0, 0, 27, 0, 0, 0, 0, 14, 5, 46
"c:\Users\khang\Desktop\SchooolFiles\extracurricular\2024-2025\United Planet\Primed\Waima\waimaFundacion\src\App.scss", "SCSS", 0, 0, 0, 0, 0, 0, 32, 0, 6, 38
"c:\Users\khang\Desktop\SchooolFiles\extracurricular\2024-2025\United Planet\Primed\Waima\waimaFundacion\src\App.test.js", "JavaScript", 0, 0, 7, 0, 0, 0, 0, 0, 2, 9
"c:\Users\khang\Desktop\SchooolFiles\extracurricular\2024-2025\United Planet\Primed\Waima\waimaFundacion\src\components\ContactDashBoard\DashBoardContact\index.js", "JavaScript", 0, 0, 154, 0, 0, 0, 0, 7, 15, 176
"c:\Users\khang\Desktop\SchooolFiles\extracurricular\2024-2025\United Planet\Primed\Waima\waimaFundacion\src\components\ContactDashBoard\DashBoardContact\index.scss", "SCSS", 0, 0, 0, 0, 0, 0, 138, 0, 33, 171
"c:\Users\khang\Desktop\SchooolFiles\extracurricular\2024-2025\United Planet\Primed\Waima\waimaFundacion\src\components\ContactDashBoard\DashBoardFAQ\index.js", "JavaScript", 0, 0, 79, 0, 0, 0, 0, 6, 5, 90
"c:\Users\khang\Desktop\SchooolFiles\extracurricular\2024-2025\United Planet\Primed\Waima\waimaFundacion\src\components\ContactDashBoard\DashBoardFAQ\index.scss", "SCSS", 0, 0, 0, 0, 0, 0, 78, 7, 15, 100
"c:\Users\khang\Desktop\SchooolFiles\extracurricular\2024-2025\United Planet\Primed\Waima\waimaFundacion\src\components\ContactDashBoard\DashBoardLayout\index.js", "JavaScript", 0, 0, 19, 0, 0, 0, 0, 7, 5, 31
"c:\Users\khang\Desktop\SchooolFiles\extracurricular\2024-2025\United Planet\Primed\Waima\waimaFundacion\src\components\ContactDashBoard\DashBoardLayout\index.scss", "SCSS", 0, 0, 0, 0, 0, 0, 17, 3, 3, 23
"c:\Users\khang\Desktop\SchooolFiles\extracurricular\2024-2025\United Planet\Primed\Waima\waimaFundacion\src\components\ContactDashBoard\index.js", "JavaScript", 0, 0, 21, 0, 0, 0, 0, 7, 4, 32
"c:\Users\khang\Desktop\SchooolFiles\extracurricular\2024-2025\United Planet\Primed\Waima\waimaFundacion\src\components\ContactDashBoard\sideBarComp\index.js", "JavaScript", 0, 0, 31, 0, 0, 0, 0, 6, 5, 42
"c:\Users\khang\Desktop\SchooolFiles\extracurricular\2024-2025\United Planet\Primed\Waima\waimaFundacion\src\components\ContactDashBoard\sideBarComp\index.scss", "SCSS", 0, 0, 0, 0, 0, 0, 67, 10, 11, 88
"c:\Users\khang\Desktop\SchooolFiles\extracurricular\2024-2025\United Planet\Primed\Waima\waimaFundacion\src\components\Footer\index.js", "JavaScript", 0, 0, 58, 0, 0, 0, 0, 0, 5, 63
"c:\Users\khang\Desktop\SchooolFiles\extracurricular\2024-2025\United Planet\Primed\Waima\waimaFundacion\src\components\Footer\index.scss", "SCSS", 0, 0, 0, 0, 0, 0, 116, 0, 25, 141
"c:\Users\khang\Desktop\SchooolFiles\extracurricular\2024-2025\United Planet\Primed\Waima\waimaFundacion\src\components\Home\HomeCard\index.js", "JavaScript", 0, 0, 140, 0, 0, 0, 0, 2, 14, 156
"c:\Users\khang\Desktop\SchooolFiles\extracurricular\2024-2025\United Planet\Primed\Waima\waimaFundacion\src\components\Home\HomeCard\index.scss", "SCSS", 0, 0, 0, 0, 0, 0, 247, 20, 57, 324
"c:\Users\khang\Desktop\SchooolFiles\extracurricular\2024-2025\United Planet\Primed\Waima\waimaFundacion\src\components\Home\index.js", "JavaScript", 0, 0, 67, 0, 0, 0, 0, 7, 12, 86
"c:\Users\khang\Desktop\SchooolFiles\extracurricular\2024-2025\United Planet\Primed\Waima\waimaFundacion\src\components\Home\index.scss", "SCSS", 0, 0, 0, 0, 0, 0, 223, 25, 42, 290
"c:\Users\khang\Desktop\SchooolFiles\extracurricular\2024-2025\United Planet\Primed\Waima\waimaFundacion\src\components\Layout\index.js", "JavaScript", 0, 0, 20, 0, 0, 0, 0, 6, 6, 32
"c:\Users\khang\Desktop\SchooolFiles\extracurricular\2024-2025\United Planet\Primed\Waima\waimaFundacion\src\components\Layout\index.scss", "SCSS", 0, 0, 0, 0, 0, 0, 9, 2, 2, 13
"c:\Users\khang\Desktop\SchooolFiles\extracurricular\2024-2025\United Planet\Primed\Waima\waimaFundacion\src\components\MenubarLanding\index.js", "JavaScript", 0, 0, 78, 0, 0, 0, 0, 1, 8, 87
"c:\Users\khang\Desktop\SchooolFiles\extracurricular\2024-2025\United Planet\Primed\Waima\waimaFundacion\src\components\MenubarLanding\index.scss", "SCSS", 0, 0, 0, 0, 0, 0, 24, 4, 8, 36
"c:\Users\khang\Desktop\SchooolFiles\extracurricular\2024-2025\United Planet\Primed\Waima\waimaFundacion\src\components\Program\index.js", "JavaScript", 0, 0, 91, 0, 0, 0, 0, 0, 6, 97
"c:\Users\khang\Desktop\SchooolFiles\extracurricular\2024-2025\United Planet\Primed\Waima\waimaFundacion\src\components\Program\index.scss", "SCSS", 0, 0, 0, 0, 0, 0, 63, 0, 14, 77
"c:\Users\khang\Desktop\SchooolFiles\extracurricular\2024-2025\United Planet\Primed\Waima\waimaFundacion\src\context\AuthContext.js", "JavaScript", 0, 0, 122, 0, 0, 0, 0, 15, 21, 158
"c:\Users\khang\Desktop\SchooolFiles\extracurricular\2024-2025\United Planet\Primed\Waima\waimaFundacion\src\index.css", "CSS", 0, 0, 0, 0, 17, 0, 0, 0, 3, 20
"c:\Users\khang\Desktop\SchooolFiles\extracurricular\2024-2025\United Planet\Primed\Waima\waimaFundacion\src\index.js", "JavaScript", 0, 0, 19, 0, 0, 0, 0, 12, 3, 34
"c:\Users\khang\Desktop\SchooolFiles\extracurricular\2024-2025\United Planet\Primed\Waima\waimaFundacion\src\logo.svg", "XML", 0, 0, 0, 1, 0, 0, 0, 0, 0, 1
"c:\Users\khang\Desktop\SchooolFiles\extracurricular\2024-2025\United Planet\Primed\Waima\waimaFundacion\src\reportWebVitals.js", "JavaScript", 0, 0, 12, 0, 0, 0, 0, 0, 2, 14
"c:\Users\khang\Desktop\SchooolFiles\extracurricular\2024-2025\United Planet\Primed\Waima\waimaFundacion\src\setupTests.js", "JavaScript", 0, 0, 1, 0, 0, 0, 0, 4, 1, 6
"c:\Users\khang\Desktop\SchooolFiles\extracurricular\2024-2025\United Planet\Primed\Waima\waimaFundacion\webpack.config.js", "JavaScript", 0, 0, 12, 0, 0, 0, 0, 0, 2, 14
"Total", "-", 19333, 10, 958, 1, 17, 21, 1014, 165, 352, 21871