"filename", "language", "JSON", "JavaScript", "SCSS", "HTML", "comment", "blank", "total"
"c:\Users\khang\Desktop\SchooolFiles\extracurricular\2024-2025\United Planet\Primed\Waima\waimaFundacion\emailTemplate.html", "HTML", 0, 0, 0, 99, 0, 6, 105
"c:\Users\khang\Desktop\SchooolFiles\extracurricular\2024-2025\United Planet\Primed\Waima\waimaFundacion\package-lock.json", "JSON", -14, 0, 0, 0, 0, 0, -14
"c:\Users\khang\Desktop\SchooolFiles\extracurricular\2024-2025\United Planet\Primed\Waima\waimaFundacion\package.json", "JSON", 1, 0, 0, 0, 0, 0, 1
"c:\Users\khang\Desktop\SchooolFiles\extracurricular\2024-2025\United Planet\Primed\Waima\waimaFundacion\src\App.js", "JavaScript", 0, 4, 0, 0, 0, 0, 4
"c:\Users\khang\Desktop\SchooolFiles\extracurricular\2024-2025\United Planet\Primed\Waima\waimaFundacion\src\components\ContactDashBoard\DashBoardContact\index.js", "JavaScript", 0, 59, 0, 0, 0, 1, 60
"c:\Users\khang\Desktop\SchooolFiles\extracurricular\2024-2025\United Planet\Primed\Waima\waimaFundacion\src\components\ContactDashBoard\DashBoardContact\index.scss", "SCSS", 0, 0, 82, 0, 1, 19, 102
"c:\Users\khang\Desktop\SchooolFiles\extracurricular\2024-2025\United Planet\Primed\Waima\waimaFundacion\src\components\ContactDashBoard\DashBoardObjective\index.js", "JavaScript", 0, 133, 0, 0, 0, 12, 145
"c:\Users\khang\Desktop\SchooolFiles\extracurricular\2024-2025\United Planet\Primed\Waima\waimaFundacion\src\components\ContactDashBoard\DashBoardObjective\index.scss", "SCSS", 0, 0, 6, 0, 0, 0, 6
"c:\Users\khang\Desktop\SchooolFiles\extracurricular\2024-2025\United Planet\Primed\Waima\waimaFundacion\src\components\ContactDashBoard\index.js", "JavaScript", 0, -2, 0, 0, -7, 0, -9
"c:\Users\khang\Desktop\SchooolFiles\extracurricular\2024-2025\United Planet\Primed\Waima\waimaFundacion\src\components\ContactDashBoard\sideBarComp\index.js", "JavaScript", 0, 0, 0, 0, 0, 1, 1
"c:\Users\khang\Desktop\SchooolFiles\extracurricular\2024-2025\United Planet\Primed\Waima\waimaFundacion\src\components\Contact\index.js", "JavaScript", 0, 143, 0, 0, 0, 10, 153
"c:\Users\khang\Desktop\SchooolFiles\extracurricular\2024-2025\United Planet\Primed\Waima\waimaFundacion\src\components\Contact\index.scss", "SCSS", 0, 0, 58, 0, 0, 14, 72
"c:\Users\khang\Desktop\SchooolFiles\extracurricular\2024-2025\United Planet\Primed\Waima\waimaFundacion\src\components\Footer\index.js", "JavaScript", 0, -1, 0, 0, 0, 0, -1
"c:\Users\khang\Desktop\SchooolFiles\extracurricular\2024-2025\United Planet\Primed\Waima\waimaFundacion\src\components\Home\HomeCard\index.scss", "SCSS", 0, 0, 10, 0, 0, 1, 11
"c:\Users\khang\Desktop\SchooolFiles\extracurricular\2024-2025\United Planet\Primed\Waima\waimaFundacion\src\components\Program\index.js", "JavaScript", 0, 11, 0, 0, 0, 2, 13
"c:\Users\khang\Desktop\SchooolFiles\extracurricular\2024-2025\United Planet\Primed\Waima\waimaFundacion\src\components\Reports\index.js", "JavaScript", 0, 56, 0, 0, 2, 12, 70
"c:\Users\khang\Desktop\SchooolFiles\extracurricular\2024-2025\United Planet\Primed\Waima\waimaFundacion\src\components\Reports\index.scss", "SCSS", 0, 0, 50, 0, 0, 8, 58
"Total", "-", -13, 403, 206, 99, -4, 86, 777